,City,Cloudiness,Country,Date,Humidity,Lat,Lng,Max Temp,Wind Speed
0,mataura,100,NZ,1586643300,65,-46.19,168.86,57.99,4.0
1,tautira,100,PF,1586643300,66,-17.73,-149.15,87.8,3.36
2,cockburn town,0,TC,1586643300,69,21.46,-71.14,80.69,10.11
3,miri,75,MY,1586643300,100,4.41,114.01,77.0,2.24
4,caravelas,62,BR,1586643300,85,-17.71,-39.25,79.21,11.05
5,hermanus,100,ZA,1586643300,67,-34.42,19.23,70.0,18.01
6,arraial do cabo,75,BR,1586643052,83,-22.97,-42.03,71.6,5.82
7,ornskoldsvik,100,SE,1586643300,93,63.29,18.72,35.6,10.29
8,nantucket,1,US,1586643301,49,41.28,-70.1,52.0,23.04
9,izhma,75,RU,1586643301,96,65.01,53.91,17.53,2.33
10,san cristobal,40,VE,1586643301,38,7.77,-72.22,93.2,20.8
11,bluff,100,NZ,1586643065,65,-46.6,168.33,57.99,4.0
12,nenjiang,0,CN,1586643290,63,49.18,125.22,41.25,5.95
13,ushuaia,75,AR,1586643227,75,-54.8,-68.3,42.8,26.4
14,new norfolk,75,AU,1586643301,57,-42.78,147.06,54.0,13.87
15,thompson,90,CA,1586643189,79,55.74,-97.86,24.8,11.41
16,teya,1,RU,1586643301,94,60.38,92.63,23.14,3.89
17,changji,78,CN,1586643301,49,44.02,87.32,48.2,4.47
18,biharamulo,2,TZ,1586643301,65,-2.63,31.31,62.83,3.2
19,rikitea,78,PF,1586643301,74,-23.12,-134.97,77.04,1.34
20,recreio,12,BR,1586643302,99,-21.52,-42.47,72.0,3.0
21,barrow,90,US,1586643302,78,71.29,-156.79,15.8,12.75
22,balabac,2,PH,1586643302,80,7.99,117.06,80.35,5.19
23,kapaa,90,US,1586643302,69,22.08,-159.32,78.8,4.7
24,puerto ayora,40,EC,1586643302,70,-0.74,-90.35,84.2,6.93
25,kupang,62,ID,1586643302,77,-10.17,123.58,80.1,7.78
26,aklavik,20,CA,1586643302,57,68.22,-135.01,19.4,9.17
27,bredasdorp,100,ZA,1586643303,49,-34.53,20.04,71.6,18.34
28,moyale,31,KE,1586643303,52,3.52,39.06,72.27,6.04
29,sola,75,VU,1586643303,74,-13.88,167.55,84.2,12.41
30,chuy,33,UY,1586643303,66,-33.7,-53.46,65.95,7.0
31,kodiak,90,US,1586643304,75,57.79,-152.41,41.0,18.34
32,abha,22,SA,1586643304,67,18.22,42.51,64.4,1.99
33,teluknaga,20,ID,1586643304,88,-6.1,106.64,79.0,4.7
34,maraba,40,BR,1586643304,79,-5.37,-49.12,84.2,3.36
35,te anau,56,NZ,1586643089,67,-45.42,167.72,55.45,5.06
36,sarany,100,RU,1586643304,83,58.5,58.88,31.01,4.68
37,mar del plata,37,AR,1586643228,60,-38.0,-57.56,68.0,9.17
38,gillette,90,US,1586643304,92,44.29,-105.5,28.99,27.51
39,grants,90,US,1586643305,15,35.15,-107.85,57.2,6.93
40,baykit,47,RU,1586643305,93,61.67,96.37,23.05,3.06
41,meulaboh,48,ID,1586643305,79,4.14,96.13,80.24,0.45
42,oskemen,43,KZ,1586643305,81,49.96,82.61,32.41,2.13
43,east london,94,ZA,1586643305,67,-33.02,27.91,74.39,3.02
44,carnarvon,14,AU,1586643080,100,-24.87,113.63,75.2,9.17
45,krasnoselkup,100,RU,1586643084,97,65.7,82.47,35.76,20.56
46,reutte,0,AT,1586643306,75,47.48,10.72,51.8,2.24
47,busselton,96,AU,1586643366,69,-33.65,115.33,71.01,8.14
48,bama,88,NG,1586643366,17,11.52,13.69,82.06,9.64
49,lavrentiya,94,RU,1586643086,98,65.58,-171.0,31.35,11.3
50,albany,40,US,1586643367,31,42.6,-73.97,48.99,17.22
51,walvis bay,0,NA,1586643367,70,-22.96,14.51,73.99,7.9
52,gazli,100,UZ,1586643367,64,40.13,63.45,66.0,7.78
53,lidkoping,100,SE,1586643367,100,58.51,13.16,42.8,16.11
54,sao felix do xingu,69,BR,1586643368,88,-6.64,-51.99,79.12,0.63
55,jamestown,1,US,1586643358,48,42.1,-79.24,48.0,14.99
56,butaritari,95,KI,1586643368,76,3.07,172.79,83.98,13.35
57,klaksvik,100,FO,1586643368,100,62.23,-6.59,42.8,20.8
58,ilulissat,100,GL,1586643369,73,69.22,-51.1,26.6,3.36
59,castro,13,BR,1586643369,66,-24.79,-50.01,60.94,2.33
60,camacari,40,BR,1586643369,83,-12.7,-38.32,82.4,6.93
61,neuquen,27,AR,1586643370,32,-38.95,-68.06,69.8,4.7
62,bani,50,DO,1586643370,77,18.28,-70.33,84.0,3.0
63,hobart,75,AU,1586643370,57,-42.88,147.33,53.01,13.87
64,pangnirtung,100,CA,1586643370,89,66.15,-65.71,26.82,3.42
65,kibala,99,TD,1586643371,61,9.11,18.35,78.8,4.7
66,port alfred,77,ZA,1586643371,89,-33.59,26.89,66.99,5.23
67,sampit,91,ID,1586643371,98,-2.53,112.95,73.06,2.17
68,vostok,69,RU,1586643371,89,46.49,135.88,24.33,2.98
69,luderitz,0,NA,1586643371,93,-26.65,15.16,57.2,1.12
70,gorontalo,6,ID,1586643372,84,0.54,123.06,72.37,3.69
71,vuktyl,87,RU,1586643372,94,63.86,57.31,17.44,2.55
72,cherskiy,100,RU,1586643372,96,68.75,161.3,13.78,12.44
73,saint-georges,20,GD,1586643372,70,12.06,-61.75,84.2,17.22
74,punta arenas,65,CL,1586643185,61,-53.15,-70.92,48.2,14.99
75,ixtapa,75,MX,1586643372,61,20.7,-105.2,80.6,11.41
76,provideniya,100,RU,1586643372,94,64.38,-173.3,31.89,4.63
77,coruripe,15,BR,1586643372,77,-10.13,-36.18,81.99,12.15
78,saint-philippe,33,RE,1586643372,78,-21.36,55.77,73.4,5.82
79,upernavik,100,GL,1586643372,89,72.79,-56.15,20.88,0.98
80,sinnamary,100,GF,1586643372,75,5.38,-52.95,80.46,13.2
81,jinji,16,CN,1586643372,74,23.23,110.83,53.8,5.61
82,coro,61,VE,1586643187,63,11.4,-69.67,85.23,21.41
83,roald,100,NO,1586643372,87,62.58,6.13,46.4,13.87
84,gornopravdinsk,11,RU,1586643373,90,60.05,69.9,33.84,5.39
85,lorengau,58,PG,1586643373,75,-2.02,147.27,82.27,1.25
86,kanniyakumari,0,IN,1586643373,74,8.08,77.57,83.44,10.51
87,atuona,64,PF,1586643373,68,-9.8,-139.03,82.8,7.47
88,tigil,0,RU,1586643373,90,57.8,158.67,16.12,3.18
89,pringsewu,65,ID,1586643373,89,-5.36,104.97,74.89,1.74
90,qaanaaq,91,GL,1586643373,75,77.48,-69.36,14.05,2.35
91,nikolskoye,5,RU,1586643205,92,59.7,30.79,28.4,2.24
92,lucapa,90,AO,1586643374,73,-8.42,20.74,67.91,2.86
93,rabak,11,SD,1586643374,11,13.18,32.74,85.71,17.22
94,ahipara,90,NZ,1586643434,77,-35.17,173.17,65.52,14.65
95,bilibino,92,RU,1586643359,90,68.05,166.44,10.0,1.25
96,hasaki,75,JP,1586643145,93,35.73,140.83,46.4,10.29
97,alofi,97,NU,1586643434,62,-19.06,-169.92,84.2,10.29
98,ibra,23,OM,1586643434,43,22.69,58.53,78.15,6.62
99,severo-yeniseyskiy,2,RU,1586643434,93,60.37,93.04,21.04,4.16
100,geraldton,75,AU,1586643434,100,-28.77,114.6,66.2,3.36
101,georgetown,20,MY,1586643434,88,5.41,100.34,82.4,2.24
102,mizdah,0,LY,1586643434,38,31.45,12.98,60.49,13.69
103,suarez,88,CO,1586643434,65,2.95,-76.7,72.16,1.59
104,avera,1,US,1586643434,31,33.19,-82.53,75.2,4.7
105,san rafael,49,AR,1586643435,23,-34.62,-68.33,72.75,14.85
106,bethel,20,US,1586643435,25,41.37,-73.41,55.0,14.99
107,cape town,75,ZA,1586643302,88,-33.93,18.42,64.99,21.92
108,novaya ladoga,22,RU,1586643435,96,60.1,32.3,30.42,2.57
109,bathsheba,20,BB,1586643435,65,13.22,-59.52,82.4,12.75
110,itarema,100,BR,1586643435,84,-2.92,-39.92,80.35,6.38
111,kavieng,99,PG,1586643435,73,-2.57,150.8,83.55,4.92
112,pustoshka,36,RU,1586643435,78,56.34,29.37,34.41,5.39
113,sorland,100,NO,1586643435,78,67.67,12.69,35.38,12.19
114,weligama,16,LK,1586643435,87,5.97,80.42,76.93,4.68
115,kargasok,65,RU,1586643435,94,59.06,80.86,33.08,5.88
116,tasiilaq,72,GL,1586643435,46,65.61,-37.64,28.4,13.87
117,norman wells,40,CA,1586643263,54,65.28,-126.83,28.4,11.41
118,khatanga,32,RU,1586643436,93,71.97,102.5,-1.05,8.01
119,saldanha,98,ZA,1586643426,88,-33.01,17.94,62.6,12.75
120,gambela,45,ET,1586643436,55,8.25,34.58,79.66,4.5
121,rawson,0,AR,1586643187,30,-43.3,-65.1,62.74,14.14
122,bousso,98,TD,1586643436,34,10.48,16.71,86.5,9.19
123,tiksi,37,RU,1586643436,93,71.69,128.87,13.08,17.74
124,isoka,74,ZM,1586643436,69,-10.16,32.63,61.56,2.64
125,hilo,1,US,1586643428,62,19.73,-155.09,84.2,8.05
126,avarua,96,CK,1586643436,88,-21.21,-159.78,82.4,4.7
127,richards bay,77,ZA,1586643436,78,-28.78,32.04,72.9,15.77
128,tiznit,99,MA,1586643436,70,29.58,-9.5,59.23,3.91
129,grafton,75,US,1586643436,29,42.21,-71.69,52.0,19.46
130,port elizabeth,89,ZA,1586643304,59,-33.92,25.57,64.4,5.82
131,mahebourg,75,MU,1586643436,94,-20.41,57.7,78.01,12.75
132,divnogorsk,0,RU,1586643437,79,55.96,92.36,23.0,2.64
133,kommunisticheskiy,100,RU,1586643437,92,61.68,64.48,34.09,3.02
134,vaini,40,TO,1586643421,65,-21.2,-175.2,80.6,4.7
135,rockhampton,75,AU,1586643337,83,-23.38,150.5,75.2,3.13
136,labuhan,57,ID,1586643437,85,-6.88,112.21,76.96,3.91
137,kudahuvadhoo,8,MV,1586643437,63,2.67,72.89,84.69,4.92
138,lasa,5,IT,1586643437,70,46.62,10.7,60.8,4.7
139,pisco,0,PE,1586643437,30,-13.7,-76.22,75.99,5.82
140,yellowknife,40,CA,1586643300,57,62.46,-114.35,19.0,16.11
141,isangel,20,VU,1586643460,61,-19.55,169.27,82.4,3.36
142,bogorodskoye,0,RU,1586643497,92,56.55,37.88,29.21,4.9
143,flin flon,75,CA,1586643497,44,54.77,-101.86,21.2,12.75
144,maniitsoq,91,GL,1586643497,72,65.42,-52.9,38.53,4.74
145,vilhena,20,BR,1586643497,88,-12.74,-60.15,75.2,5.82
146,cidreira,4,BR,1586643497,67,-30.18,-50.21,67.53,7.14
147,buriti alegre,65,BR,1586643497,67,-18.14,-49.04,70.14,4.56
148,dunedin,100,NZ,1586643454,87,-45.87,170.5,55.99,9.15
149,valentin gomez farias,0,MX,1586643497,10,28.22,-106.58,82.0,17.0
150,clyde river,75,CA,1586643300,78,70.47,-68.59,8.6,12.75
151,gat,16,IL,1586643487,82,31.61,34.76,57.2,3.36
152,sobolevo,0,RU,1586643498,82,54.43,31.9,32.41,5.91
153,noumea,90,NC,1586643498,54,-22.28,166.46,78.8,2.24
154,iqaluit,75,CA,1586643470,63,63.75,-68.51,26.6,13.87
155,bonthe,89,SL,1586643332,75,7.53,-12.51,82.65,8.08
156,ponta do sol,75,PT,1586643498,72,32.67,-17.1,62.6,13.87
157,cairns,39,AU,1586643370,94,-16.92,145.77,75.2,3.58
158,babushkin,100,RU,1586643498,70,51.71,105.86,38.68,5.66
159,san quintin,9,MX,1586643498,65,30.48,-115.95,62.71,16.91
160,merritt island,75,US,1586643498,64,28.54,-80.67,80.01,10.29
161,belmonte,75,BR,1586643498,78,-15.86,-38.88,80.6,5.82
162,guerrero negro,10,MX,1586643472,49,27.98,-114.06,67.06,17.31
163,college,75,US,1586643498,35,64.86,-147.8,42.8,5.82
164,sibu,75,MY,1586643498,94,2.3,111.82,75.2,1.36
165,sao filipe,86,CV,1586643498,73,14.9,-24.5,75.61,12.48
166,airai,98,TL,1586643498,72,-8.93,125.41,60.13,1.01
167,tessalit,0,ML,1586643498,11,20.2,1.01,84.04,4.94
168,ascension,1,US,1586643498,54,30.22,-90.9,81.0,8.05
169,yulara,100,AU,1586643431,28,-25.24,130.99,57.2,6.93
170,burnie,24,AU,1586643459,64,-41.07,145.92,55.0,11.01
171,tuatapere,81,NZ,1586643472,65,-46.13,167.68,57.99,4.0
172,takaka,100,NZ,1586643499,89,-40.85,172.8,61.0,1.99
173,ndioum,44,SN,1586643499,20,16.51,-14.65,95.0,2.24
174,yumen,100,CN,1586643499,23,40.28,97.2,45.43,5.01
175,orcopampa,18,PE,1586643499,14,-15.27,-72.34,54.59,9.78
176,jalu,12,LY,1586643499,29,29.03,21.55,64.24,6.96
177,saint george,1,US,1586643203,32,37.1,-113.58,68.0,16.11
178,esperance,98,AU,1586643444,60,-33.87,121.9,69.8,18.34
179,hithadhoo,0,MV,1586643429,65,-0.6,73.08,84.56,6.38
180,port hedland,0,AU,1586643499,69,-20.32,118.57,73.4,10.29
181,kalmunai,1,LK,1586643499,77,7.42,81.82,81.41,4.36
182,dikson,100,RU,1586643432,96,73.51,80.55,14.29,10.11
183,coquimbo,85,CL,1586643500,72,-29.95,-71.34,64.4,11.41
184,rio grande,0,BR,1586643407,81,-32.03,-52.1,64.0,10.29
185,puerto escondido,40,MX,1586643500,83,15.85,-97.07,84.2,6.93
186,victoria,20,HK,1586643437,68,22.29,114.16,66.2,19.46
187,ambilobe,0,MG,1586643551,84,-13.2,49.05,73.67,4.72
188,huarmey,53,PE,1586643522,64,-10.07,-78.15,79.03,9.73
189,mayya,40,RU,1586643560,64,61.73,130.28,33.8,4.47
190,yazman,88,PK,1586643560,27,29.12,71.74,85.8,2.3
191,vardo,61,NO,1586643455,89,70.37,31.11,27.61,4.99
192,verkhovazhye,14,RU,1586643560,93,60.75,42.05,24.89,2.66
193,hay river,40,CA,1586643560,57,60.82,-115.8,17.6,9.17
194,chino valley,40,US,1586643560,46,34.76,-112.45,63.0,10.29
195,veraval,8,IN,1586643485,61,20.9,70.37,80.04,13.85
196,ternate,2,ID,1586643560,82,0.8,127.4,78.85,5.06
197,tuktoyaktuk,20,CA,1586643480,84,69.45,-133.04,3.2,6.93
198,fortuna,75,US,1586643560,87,40.6,-124.16,57.99,12.75
199,grindavik,40,IS,1586643482,86,63.84,-22.43,39.2,14.99
200,narsaq,100,GL,1586643560,33,60.92,-46.05,44.6,42.5
201,fare,87,PF,1586643544,74,-16.7,-151.02,83.52,11.5
202,portland,40,US,1586643020,44,45.52,-122.68,63.0,3.36
203,codo,98,BR,1586643561,89,-4.46,-43.89,78.84,1.05
204,ribeira grande,0,PT,1586643561,71,38.52,-28.7,62.6,7.74
205,lagoa,0,PT,1586643514,75,39.05,-27.98,61.66,10.47
206,port keats,100,AU,1586643561,78,-14.25,129.55,78.46,11.95
207,taoudenni,0,ML,1586643489,11,22.68,-3.98,89.58,4.83
208,tooele,90,US,1586643354,36,40.53,-112.3,66.2,9.17
209,chapais,90,CA,1586643434,63,49.78,-74.85,28.4,9.17
210,bella union,0,UY,1586643561,49,-30.28,-57.6,72.23,5.41
211,russkaya polyana,0,UA,1586643561,63,49.42,31.92,40.75,10.85
212,general pico,28,AR,1586643561,41,-35.66,-63.76,74.35,9.31
213,sabha,0,LY,1586643561,20,27.04,14.43,72.25,12.28
214,asau,59,RO,1586643383,56,46.43,26.4,42.8,1.12
215,siemianowice slaskie,70,PL,1586643561,52,50.33,19.03,48.0,8.05
216,boende,98,CD,1586643561,66,-0.22,20.87,77.5,1.63
217,faanui,56,PF,1586643483,77,-16.48,-151.75,82.6,12.66
218,puerto carreno,75,CO,1586643561,46,6.19,-67.49,93.2,6.93
219,tame,48,CO,1586643561,42,6.46,-71.73,88.5,4.68
220,inhambane,64,MZ,1586643561,80,-23.86,35.38,73.53,3.89
221,cabo san lucas,75,MX,1586643561,52,22.89,-109.91,78.01,21.92
222,torbay,75,CA,1586643469,59,47.67,-52.73,37.4,29.97
223,dzhebariki-khaya,100,RU,1586643561,96,62.22,135.8,25.57,4.9
224,atasu,82,KZ,1586643561,52,48.68,71.64,42.3,9.19
225,dingle,10,PH,1586643561,78,11.0,122.67,76.33,5.44
226,shaunavon,100,CA,1586643562,61,49.65,-108.42,28.49,17.0
227,yar-sale,30,RU,1586643562,93,66.83,70.83,12.09,8.19
228,nipawin,90,CA,1586643562,49,53.37,-104.0,24.8,20.8
229,maceio,5,BR,1586643558,88,-9.67,-35.74,78.8,6.93
230,half moon bay,90,US,1586643562,87,37.46,-122.43,69.01,5.82
231,souillac,75,MU,1586643500,94,-20.52,57.52,78.01,12.75
232,champerico,40,GT,1586643622,50,14.3,-91.92,95.0,13.87
233,srandakan,92,ID,1586643622,78,-7.94,110.25,78.01,2.53
234,bundaberg,45,AU,1586643622,72,-24.85,152.35,68.0,6.26
235,suntar,35,RU,1586643455,96,62.14,117.63,29.75,8.16
236,saint simons,1,US,1586643622,43,31.14,-81.39,75.99,8.05
237,chokurdakh,99,RU,1586643429,98,70.63,147.92,27.21,13.85
238,stantsionno-oyashinskiy,0,RU,1586643622,92,55.47,83.82,31.12,5.03
239,talnakh,75,RU,1586643487,80,69.49,88.4,35.6,31.32
240,baracoa,0,CU,1586643623,65,20.35,-74.5,81.95,5.97
241,waipawa,55,NZ,1586643623,67,-41.41,175.52,62.6,24.16
242,severo-kurilsk,63,RU,1586643454,93,50.68,156.12,29.23,8.57
243,mareeba,46,AU,1586643551,94,-17.0,145.43,75.2,1.77
244,lannion,0,FR,1586643623,76,48.75,-3.42,60.8,3.74
245,nurota,90,UZ,1586643623,93,40.56,65.69,59.0,6.93
246,qiyang,0,CN,1586643623,82,26.59,111.85,46.62,3.18
247,nouadhibou,0,MR,1586643463,71,20.93,-17.03,69.13,24.2
248,hanna,100,CA,1586643623,59,51.63,-111.9,26.01,17.0
249,kirakira,95,SB,1586643517,77,-10.45,161.92,82.42,6.38
250,cangucu,16,BR,1586643623,81,-31.39,-52.68,64.0,5.88
251,kanungu,100,UG,1586643483,59,-0.96,29.79,62.26,3.0
252,alta floresta,75,BR,1586643447,100,-9.88,-56.09,77.0,4.7
253,leninskoye,0,RU,1586643623,77,47.94,132.62,34.68,4.16
254,saint anthony,1,US,1586643515,21,45.02,-93.22,61.0,4.7
255,basoko,84,CD,1586643623,83,1.24,23.62,73.56,1.92
256,uzventis,91,LT,1586643623,55,55.78,22.65,37.4,6.93
257,shellbrook,75,CA,1586643623,49,53.22,-106.4,23.0,21.92
258,porto novo,40,BJ,1586643623,70,6.5,2.6,86.0,8.05
259,moorhead,90,US,1586643494,55,46.87,-96.77,39.2,20.8
260,muscat,37,OM,1586643623,88,23.61,58.59,78.8,8.61
261,nsanje,38,MW,1586643624,81,-16.92,35.26,68.67,3.87
262,nanortalik,100,GL,1586643462,72,60.14,-45.24,37.58,28.25
263,wakkanai,44,JP,1586643624,85,45.41,141.67,33.15,9.75
264,santa rosa,75,PH,1586643624,83,14.31,121.11,82.4,2.24
265,julio de castilhos,0,BR,1586643624,59,-29.23,-53.68,63.19,5.75
266,westport,1,US,1586643548,23,41.14,-73.36,55.99,10.29
267,garelochhead,90,GB,1586643624,87,56.08,-4.83,51.01,2.24
268,mahina,100,PF,1586643624,66,-17.51,-149.49,87.8,3.36
269,leningradskiy,94,RU,1586643446,87,69.38,178.42,12.81,3.98
270,wattegama,13,LK,1586643624,86,6.8,81.48,75.4,2.98
271,marystown,73,CA,1586643451,89,47.17,-55.15,33.8,21.05
272,saskylakh,19,RU,1586643458,90,71.92,114.08,0.82,14.94
273,urucui,99,BR,1586643624,72,-7.23,-44.56,81.36,1.52
274,berlevag,79,NO,1586643561,90,70.86,29.09,25.02,3.24
275,seminole,1,US,1586643557,61,28.71,-81.21,82.0,14.99
276,uzeir,9,IL,1586643624,82,32.79,35.33,54.7,2.08
277,surt,4,LY,1586643539,56,31.21,16.59,60.96,12.66
278,murmashi,63,RU,1586643684,85,68.82,32.81,15.8,2.24
279,bengkulu,37,ID,1586643332,81,-3.8,102.27,78.55,3.58
280,dunda,92,TZ,1586643684,65,-8.12,34.25,64.22,3.2
281,namibe,0,AO,1586643420,61,-15.2,12.15,77.59,3.62
282,sembe,100,CG,1586643684,82,1.65,14.58,71.58,4.41
283,tarumovka,96,RU,1586643684,56,44.08,46.54,51.6,12.26
284,coahuayana,5,MX,1586643531,48,18.73,-103.68,86.0,11.41
285,formosa,0,AR,1586643572,56,-26.18,-58.18,71.6,3.36
286,anadyr,9,RU,1586643449,84,64.75,177.48,5.0,15.66
287,pagudpud,40,PH,1586643685,100,18.56,120.79,75.2,3.36
288,awjilah,23,LY,1586643685,36,29.11,21.29,63.28,9.24
289,broome,1,US,1586643548,30,42.25,-75.83,48.0,12.75
290,mehamn,85,NO,1586643685,92,71.04,27.85,20.98,4.47
291,tulun,48,RU,1586643556,84,54.56,100.58,29.48,3.6
292,goundam,42,ML,1586643441,16,16.41,-3.67,88.18,2.91
293,haines junction,0,CA,1586643685,63,60.75,-137.51,33.39,1.68
294,cayenne,20,GF,1586643374,69,4.93,-52.33,82.4,8.05
295,lazaro cardenas,56,MX,1586643685,55,17.96,-102.2,85.42,8.43
296,alekseyevsk,100,RU,1586643657,94,57.84,108.35,29.19,1.86
297,worcester,75,US,1586643685,29,42.33,-71.83,51.01,14.99
298,windhoek,0,NA,1586643685,82,-22.56,17.08,64.0,3.36
299,phangnga,20,TH,1586643685,88,8.45,98.53,78.8,2.24
300,thunder bay,75,CA,1586643443,27,48.4,-89.32,51.8,17.22
301,lebu,0,CL,1586643495,55,-37.62,-73.65,57.85,16.91
302,samarai,92,PG,1586643619,68,-10.62,150.67,79.29,1.79
303,kargat,28,RU,1586643685,96,55.2,80.28,29.61,6.08
304,vila,96,PT,1586643479,100,42.03,-8.16,57.0,4.7
305,hellin,100,ES,1586643425,62,38.51,-1.7,51.8,5.82
306,buin,90,CL,1586643654,59,-33.73,-70.75,68.0,3.36
307,kpandae,82,GH,1586643686,52,8.47,-0.01,86.9,4.36
308,hobyo,0,SO,1586643686,70,5.35,48.53,83.07,14.12
309,harlingen,75,US,1586643571,66,26.19,-97.7,88.0,19.46
310,brae,100,GB,1586643686,87,60.4,-1.35,46.4,24.16
311,andenes,100,NO,1586643445,80,69.31,16.12,30.2,9.17
312,port hardy,5,CA,1586643686,53,50.7,-127.42,51.8,4.7
313,vao,27,NC,1586643304,74,-22.67,167.48,76.19,15.46
314,bambous virieux,75,MU,1586643662,94,-20.34,57.76,78.01,12.75
315,benguela,0,AO,1586643528,82,-12.58,13.41,78.75,4.88
316,beringovskiy,98,RU,1586643686,94,63.05,179.32,11.26,10.49
317,iskateley,81,RU,1586643686,95,67.68,53.15,13.23,9.4
318,mayna,100,RU,1586643686,64,54.11,47.62,41.31,2.21
319,charters towers,93,AU,1586643686,48,-20.1,146.27,71.4,4.27
320,chernushka,100,RU,1586643686,83,56.51,56.08,37.09,7.85
321,boa vista,40,BR,1586643746,41,2.82,-60.67,93.2,14.99
322,mawlaik,1,MM,1586643746,36,23.63,94.42,72.12,1.86
323,kruisfontein,89,ZA,1586643445,54,-34.0,24.73,62.08,2.26
324,tianpeng,1,CN,1586643746,77,30.99,103.94,60.8,3.49
325,hami,54,CN,1586643473,21,42.8,93.45,54.34,4.45
326,chabahar,93,IR,1586643746,74,25.29,60.64,78.19,6.4
327,karatau,100,KZ,1586643746,61,43.17,70.47,56.08,3.83
328,bilma,100,NE,1586643746,14,18.69,12.92,81.48,5.97
329,belaya gora,100,RU,1586643747,93,68.53,146.42,22.91,10.4
330,barinas,100,VE,1586643747,38,8.62,-70.21,92.53,3.31
331,hamilton,75,US,1586643312,25,39.18,-84.53,62.6,9.17
332,surovikino,31,RU,1586643747,72,48.61,42.85,39.29,11.01
333,bagnolo mella,5,IT,1586643747,76,45.43,10.18,62.01,3.36
334,muddebihal,0,IN,1586643747,24,16.33,76.13,78.91,8.84
335,imeni poliny osipenko,0,RU,1586643747,88,52.42,136.49,33.33,2.15
336,hervey bay,40,AU,1586643747,72,-25.3,152.85,68.0,6.73
337,aleksandrovskaya,75,RU,1586643747,87,43.48,43.65,42.8,6.71
338,mirnyy,40,RU,1586643747,100,62.54,113.96,28.4,13.42
339,scarborough,15,GB,1586643710,87,54.28,-0.4,54.0,4.7
340,kibaya,99,TZ,1586643718,66,-5.3,36.57,59.02,3.4
341,kigali,40,RW,1586643710,88,-1.95,30.06,68.0,3.36
342,prien,90,US,1586643747,69,30.18,-93.27,78.8,16.11
343,henties bay,5,NA,1586643747,70,-22.12,14.28,73.99,5.73
344,alice springs,5,AU,1586643579,23,-23.7,133.88,57.2,5.82
345,chakulia,0,IN,1586643747,40,22.48,86.72,78.57,3.87
346,quimper,0,FR,1586643747,76,48.0,-4.1,55.4,2.24
347,itupiranga,40,BR,1586643747,88,-5.13,-49.33,82.4,3.36
348,kavaratti,0,IN,1586643565,68,10.57,72.64,84.34,3.31
349,rangapara,9,IN,1586643541,35,26.82,92.65,74.37,4.05
350,lichinga,85,MZ,1586643534,73,-13.31,35.24,59.29,3.11
351,natal,40,BR,1586643747,78,-5.79,-35.21,82.4,5.82
352,ponta delgada,20,PT,1586643748,76,37.73,-25.67,57.2,13.87
353,narasannapeta,0,IN,1586643748,88,18.42,84.05,78.06,5.46
354,mayo,40,US,1586643748,25,38.89,-76.51,63.0,11.41
355,saint-denis,98,FR,1586643450,51,48.92,2.33,66.0,2.24
356,lat yao,82,TH,1586643748,54,15.75,99.79,82.44,6.13
357,olinda,20,BR,1586643434,70,-8.01,-34.86,84.2,6.93
358,namie,75,JP,1586643748,100,37.48,141.0,48.0,2.24
359,biritiba-mirim,40,BR,1586643748,68,-23.57,-46.04,72.0,8.05
360,hofn,20,IS,1586643510,55,64.25,-15.21,39.2,21.92
361,yeppoon,95,AU,1586643546,83,-23.13,150.73,75.2,3.62
362,merritt,1,CA,1586643748,16,50.11,-120.79,55.4,13.87
363,impfondo,100,CG,1586643748,89,1.64,18.07,72.05,2.73
364,sitka,20,US,1586643443,42,57.05,-135.33,46.4,6.93
365,laguna,1,US,1586643547,63,38.42,-121.42,72.0,12.75
366,oga,15,IT,1586643748,74,46.46,10.35,51.01,2.24
367,newport,0,GB,1586643494,62,51.59,-3.0,57.99,4.7
368,anshun,100,CN,1586643808,55,26.25,105.93,47.19,4.83
369,sao joao da barra,90,BR,1586643808,94,-21.64,-41.05,71.6,14.99
370,canico,75,PT,1586643808,72,32.63,-16.85,62.6,13.87
371,pahrump,1,US,1586643808,31,36.21,-115.98,73.99,14.99
372,piskivka,0,UA,1586643808,47,50.69,29.62,41.0,2.24
373,touros,20,BR,1586643433,78,-5.2,-35.46,82.4,6.93
374,kidal,19,ML,1586643425,16,18.44,1.41,90.77,9.22
375,lata,75,PT,1586643561,87,40.16,-8.33,57.99,4.7
376,riberalta,55,BO,1586643809,57,-10.98,-66.1,88.12,1.16
377,vallenar,94,CL,1586643472,33,-28.57,-70.76,73.99,8.03
378,kaiwaka,40,NZ,1586643809,67,-36.17,174.45,69.01,8.99
379,ancud,20,CL,1586643403,62,-41.87,-73.82,53.6,5.82
380,broken hill,0,AU,1586643809,66,-31.95,141.43,48.2,8.05
381,puerto ayacucho,75,VE,1586643809,46,5.66,-67.62,93.2,6.93
382,joshimath,0,IN,1586643549,17,30.57,79.57,48.76,7.27
383,carnot,100,CF,1586643809,69,4.94,15.87,71.38,3.22
384,lokosovo,33,RU,1586643809,95,61.13,74.82,35.78,8.12
385,saint-pierre,27,RE,1586643560,78,-21.34,55.48,73.4,5.82
386,solnechnyy,43,RU,1586643492,78,50.72,136.63,32.99,2.57
387,cap-aux-meules,75,CA,1586643809,80,47.38,-61.86,33.8,12.75
388,lang son,81,VN,1586643809,72,21.83,106.73,60.78,9.75
389,vestmannaeyjar,100,IS,1586643535,90,63.44,-20.27,43.77,11.3
390,pevek,62,RU,1586643464,91,69.7,170.31,6.39,13.24
391,alpena,1,US,1586643455,45,45.06,-83.43,55.99,16.11
392,port blair,63,IN,1586643622,72,11.67,92.75,82.06,7.29
393,pacific grove,90,US,1586643809,71,36.62,-121.92,69.01,10.29
394,fethiye,0,TR,1586643809,81,36.62,29.12,50.0,6.93
395,bubaque,16,GW,1586643443,79,11.28,-15.83,78.62,16.28
396,dongli,20,CN,1586643810,67,23.57,116.82,60.8,13.42
397,harnosand,100,SE,1586643810,87,62.63,17.94,37.99,8.05
398,castelnau-le-lez,0,FR,1586643582,93,43.63,3.9,55.99,4.7
399,atar,0,MR,1586643254,17,20.52,-13.05,85.01,8.08
400,mora,99,CM,1586643810,15,11.05,14.14,78.64,4.5
401,ereymentau,100,KZ,1586643810,54,51.62,73.1,41.99,12.26
402,mandalgovi,0,MN,1586643810,35,45.76,106.27,37.06,11.72
403,aykhal,89,RU,1586643499,73,66.0,111.5,24.8,6.71
404,aranos,7,NA,1586643643,23,-24.13,19.12,75.36,13.53
405,sahuaripa,0,MX,1586643810,15,29.05,-109.23,77.02,16.93
406,pyaozerskiy,24,RU,1586643810,94,65.83,31.17,24.66,6.51
407,vila velha,90,BR,1586643604,83,-20.33,-40.29,77.0,9.17
408,abu samrah,0,SY,1586643810,71,35.3,37.18,52.43,8.16
409,beberibe,100,BR,1586643810,74,-4.18,-38.13,84.2,5.82
410,kolondieba,75,ML,1586643870,27,11.09,-6.89,89.58,3.42
411,morena,13,IN,1586643870,22,26.5,78.0,81.45,5.57
412,coihaique,40,CL,1586643506,57,-45.58,-72.07,50.0,8.05
413,pelym,100,RU,1586643672,91,61.01,62.0,35.15,3.18
414,lompoc,20,US,1586643217,67,34.64,-120.46,73.0,17.22
415,kieta,92,PG,1586643509,77,-6.22,155.63,81.34,2.64
416,nizhniy kuranakh,100,RU,1586643870,77,58.84,125.49,35.46,3.02
417,qasigiannguit,100,GL,1586643870,73,68.82,-51.19,26.6,3.36
418,otautau,96,NZ,1586643870,64,-46.15,168.0,57.99,4.0
419,chara,100,RU,1586643480,59,56.91,118.26,33.85,2.04
420,luanda,71,AO,1586643689,82,-8.84,13.23,79.32,4.79
421,hukuntsi,1,BW,1586643648,35,-24.0,21.75,70.43,6.62
422,korla,46,CN,1586643871,41,41.76,86.15,61.0,3.0
423,russell,1,US,1586643871,25,32.35,-85.2,75.2,8.05
424,nishihara,75,JP,1586643529,88,26.18,127.76,69.8,16.11
425,tazovskiy,100,RU,1586643558,95,67.47,78.7,33.93,17.11
426,virginia beach,1,US,1586643084,25,36.85,-75.98,64.99,8.05
427,maralal,36,KE,1586643871,49,1.1,36.7,62.98,7.81
428,taltal,25,CL,1586643871,65,-25.4,-70.48,68.65,6.93
429,fairbanks,1,US,1586643505,35,64.84,-147.72,42.8,4.7
430,kandrian,56,PG,1586643871,82,-6.22,149.55,80.02,6.96
431,salalah,40,OM,1586643549,74,17.02,54.09,82.4,9.17
432,acapulco,40,MX,1586643413,74,16.86,-99.89,84.2,9.17
433,tiarei,100,PF,1586643693,66,-17.53,-149.33,87.8,3.36
434,tamandare,1,BR,1586643871,74,-8.76,-35.1,82.18,8.77
435,ngorongoro,23,TZ,1586643871,57,-3.24,35.49,53.65,9.64
436,whitehorse,5,CA,1586643565,22,60.72,-135.05,37.0,3.36
437,san carlos de bariloche,0,AR,1586643871,30,-41.15,-71.31,57.99,13.87
438,kaitangata,92,NZ,1586643420,62,-46.28,169.85,56.61,8.95
439,adra,87,ES,1586643871,59,36.75,-3.02,62.6,12.75
440,luganville,40,VU,1586643871,69,-15.53,167.17,82.4,6.93
441,muros,40,ES,1586643550,93,42.78,-9.06,57.0,4.7
442,akyab,11,MM,1586643871,86,20.15,92.9,76.66,5.97
443,havre-saint-pierre,90,CA,1586643566,48,50.23,-63.6,41.0,16.11
444,kemijarvi,50,FI,1586643872,95,66.71,27.43,20.53,5.75
445,murgab,75,TM,1586643872,87,37.5,61.97,59.0,9.17
446,swan hill,0,AU,1586643872,80,-35.34,143.55,47.71,6.8
447,chiang klang,35,TH,1586643872,45,19.29,100.86,77.47,1.95
448,sao jose de ribamar,40,BR,1586643872,94,-2.56,-44.05,80.6,5.82
449,dong hoi,82,VN,1586643610,91,17.48,106.6,75.97,1.03
450,warmbad,0,NA,1586643634,24,-28.45,18.73,69.64,10.45
451,glarus,0,CH,1586643872,61,47.04,9.07,55.4,2.24
452,bagdarin,33,RU,1586643872,57,54.43,113.6,33.12,1.99
453,skjervoy,100,NO,1586643660,95,70.03,20.97,32.23,13.13
454,jinzhou,0,CN,1586643872,48,41.11,121.14,45.59,9.73
455,herat,100,AF,1586643872,48,34.5,62.0,61.56,20.47
456,sasebo,75,JP,1586643872,93,33.16,129.72,51.8,3.36
457,makhalino,100,RU,1586643872,87,53.09,46.22,37.04,4.85
458,mendi,49,PG,1586643872,55,-6.18,143.65,54.21,2.01
459,katsuura,75,JP,1586643460,93,35.13,140.3,50.0,10.29
460,svetlyy,100,RU,1586643932,52,54.67,20.13,41.0,6.71
461,olafsvik,60,IS,1586643545,79,64.89,-23.71,37.24,28.39
462,karratha,0,AU,1586643443,50,-20.74,116.85,81.37,8.28
463,derzhavinsk,98,KZ,1586643642,59,51.1,66.32,42.91,11.74
464,voi,100,KE,1586643932,70,-3.39,38.56,73.62,8.48
465,gisborne,1,NZ,1586643932,63,-38.65,178.0,62.04,5.46
466,lively,20,CA,1586643932,35,46.43,-81.15,45.0,12.75
467,kahului,40,US,1586643473,61,20.89,-156.47,80.6,9.17
468,batemans bay,1,AU,1586643933,94,-35.72,150.18,42.01,8.95
469,thinadhoo,0,MV,1586643452,61,0.53,72.93,84.15,3.91
470,hun,13,LY,1586643933,23,29.13,15.95,67.77,14.45
471,saint-louis,76,SN,1586643933,19,16.33,-15.0,95.0,8.9
472,merauke,73,ID,1586643471,89,-8.47,140.33,77.41,7.54
473,berbera,22,SO,1586643726,76,10.44,45.01,82.74,4.79
474,galesong,20,ID,1586643647,94,-5.32,119.37,77.0,4.7
475,dali,27,CN,1586643895,28,25.7,100.18,47.32,2.21
476,shiraz,75,IR,1586643933,72,29.6,52.54,59.0,6.93
477,satwas,0,IN,1586643933,14,22.53,76.68,83.98,1.1
478,pfullendorf,0,DE,1586643933,58,47.92,9.25,54.0,2.35
479,vaitape,59,PF,1586643933,77,-16.52,-151.75,83.44,12.62
480,emba,0,KZ,1586643632,57,48.83,58.14,42.19,8.3
481,tagab,20,AF,1586643933,81,34.85,69.65,53.6,2.15
482,vanimo,41,PG,1586643708,85,-2.67,141.3,79.43,2.82
483,california city,1,US,1586643933,52,35.13,-117.99,73.4,14.99
484,evensk,100,RU,1586643538,89,61.95,159.23,8.92,4.0
485,fort nelson,40,CA,1586643745,27,58.81,-122.7,35.6,11.41
486,thyboron,85,DK,1586643933,83,56.7,8.21,46.0,1.99
487,marica,90,BR,1586643811,88,-22.92,-42.82,69.8,9.17
488,alim,60,PH,1586643933,73,9.56,122.49,78.15,4.23
489,tonj,86,SS,1586643933,51,7.27,28.68,83.89,6.46
490,kununurra,75,AU,1586643488,83,-15.77,128.73,77.0,2.24
491,ucluelet,20,CA,1586643934,66,48.93,-125.55,59.0,9.17
492,oranjemund,27,NA,1586643465,92,-28.55,16.43,59.38,1.83
493,kaeo,73,NZ,1586643612,90,-35.1,173.78,66.99,5.99
494,sao marcos,1,BR,1586643934,59,-28.97,-51.07,62.01,4.32
495,winnemucca,40,US,1586643934,23,40.97,-117.74,64.4,11.41
496,yaan,93,NG,1586643934,66,7.38,8.57,78.37,6.53
497,turayf,8,SA,1586643934,81,31.67,38.66,51.8,8.05
498,viedma,100,AR,1586643502,40,-40.81,-63.0,62.69,13.24
499,noormarkku,100,FI,1586643934,74,61.59,21.87,30.2,6.93
500,lircay,33,PE,1586643934,14,-12.99,-74.72,62.2,0.92
501,tahe,1,CN,1586643717,72,52.33,124.73,36.46,3.27
502,sokoni,75,TZ,1586643500,88,-6.43,39.55,80.6,10.29
503,saint-gaudens,90,FR,1586643994,93,43.08,0.67,57.2,3.36
504,mirabad,92,AF,1586643994,27,30.44,61.84,79.86,6.98
505,trollhattan,100,SE,1586643994,93,58.23,12.42,44.01,12.75
506,vila franca do campo,20,PT,1586643994,76,37.72,-25.43,57.2,13.87
507,balkanabat,0,TM,1586643835,57,39.51,54.37,56.07,7.27
508,gushikawa,90,JP,1586643994,88,26.35,127.87,69.8,10.29
509,los llanos de aridane,90,ES,1586643850,82,28.66,-17.92,66.2,11.41
510,sarai naurang,89,PK,1586643994,47,32.83,70.78,76.53,2.26
511,grenaa,100,DK,1586643994,87,56.42,10.88,46.99,4.7
512,miramar,90,US,1586643778,78,25.99,-80.23,80.01,14.99
513,general roca,46,AR,1586643994,40,-39.03,-67.58,68.0,3.36
514,centralia,75,US,1586643994,51,46.72,-122.95,60.8,4.7
515,plettenberg bay,100,ZA,1586643995,59,-34.05,23.37,64.06,2.53
516,baruun-urt,0,MN,1586643631,37,46.68,113.28,38.16,5.95
517,savona,5,IT,1586643995,87,44.3,8.27,57.2,11.41
518,alice,90,US,1586643995,69,27.75,-98.07,87.8,17.22
519,maldonado,20,UY,1586643995,77,-34.67,-54.92,64.99,5.82
520,shaowu,54,CN,1586643995,78,27.34,117.48,46.81,5.48
521,kailua,20,US,1586643995,58,21.4,-157.74,82.4,11.41
522,boguchany,0,RU,1586643433,94,58.38,97.45,27.82,0.94
523,griffith,90,US,1586643995,36,41.53,-87.42,64.4,14.99
524,lumphat,91,KH,1586643995,87,13.49,106.98,76.21,3.33
525,mata,99,PT,1586643995,93,40.68,-7.46,54.0,1.99
526,churachandpur,0,IN,1586643995,37,24.33,93.67,62.67,1.39
527,paita,57,PE,1586643402,57,-5.09,-81.11,81.25,16.22
528,minab,100,IR,1586643821,83,27.15,57.08,78.8,9.17
529,lloydminster,40,CA,1586643995,45,53.28,-110.0,24.8,21.92
530,agadez,46,NE,1586643995,14,19.75,10.25,81.36,5.46
531,jiazi,54,CN,1586643995,71,22.88,116.07,63.34,14.16
532,bandarbeyla,16,SO,1586643548,73,9.49,50.81,81.72,10.22
533,point pleasant,75,US,1586643995,30,40.08,-74.07,57.99,18.34
534,mount gambier,90,AU,1586643995,66,-37.83,140.77,53.6,6.93
535,hays,90,US,1586643996,83,30.05,-98.03,78.01,12.75
536,morondava,100,MG,1586643996,80,-20.28,44.28,78.42,6.76
537,roebourne,0,AU,1586643531,44,-20.78,117.13,81.48,7.83
538,ambon,29,ID,1586643211,74,-3.7,128.18,82.26,4.05
539,honiara,75,SB,1586643660,83,-9.43,159.95,80.6,3.36
540,tezu,0,IN,1586643725,32,27.92,96.17,69.82,3.58
541,paamiut,100,GL,1586643525,86,61.99,-49.67,35.24,2.39
542,sebrovo,15,RU,1586643996,83,50.1,43.3,36.0,14.83
543,bodden town,20,KY,1586643987,66,19.28,-81.25,87.8,5.82
544,lethem,95,GY,1586643996,40,3.38,-59.8,92.1,11.32
545,ewing,20,US,1586643996,30,40.27,-74.8,57.2,8.05
546,koumac,18,NC,1586643531,70,-20.57,164.28,77.72,7.72
547,yarada,0,IN,1586643500,80,17.65,83.27,80.47,6.96
548,quatre cocos,75,MU,1586643996,94,-20.21,57.76,78.01,12.75
549,arnsberg,23,DE,1586643996,44,51.33,8.01,61.0,8.05
550,madang,96,PG,1586643996,79,-5.22,145.8,79.41,2.06
551,salamiyah,0,SY,1586643996,78,35.01,37.05,50.72,7.07
552,madisonville,90,US,1586643799,15,37.33,-87.5,64.99,9.17
553,burgos,100,ES,1586644007,100,42.34,-3.71,51.01,4.7
554,tura,0,IN,1586643479,32,25.52,90.22,72.18,4.45
555,bambanglipuro,93,ID,1586643451,79,-7.95,110.28,77.74,2.37
556,struer,100,DK,1586644056,75,56.49,8.58,46.4,9.17
557,la ronge,75,CA,1586644006,52,55.1,-105.28,19.4,16.11
558,naryan-mar,81,RU,1586644056,96,67.67,53.09,13.35,9.37
559,paraiso,20,CR,1586643684,45,9.84,-83.87,87.8,16.11
560,rorvik,100,NO,1586644056,77,64.86,11.24,38.03,12.48
561,pacifica,75,US,1586643804,67,37.61,-122.49,69.01,12.75
562,west wendover,90,US,1586644057,25,40.74,-114.07,66.2,24.16
563,kichera,100,RU,1586644057,67,55.94,110.1,38.23,3.56
564,jamame,98,SO,1586644057,76,0.07,42.75,83.23,6.91
565,vlore,0,AL,1586644057,66,40.47,19.49,57.97,4.21
566,babakan,3,ID,1586644057,76,-7.28,107.22,74.01,2.82
567,bonfim,92,BR,1586643546,39,3.08,-59.95,92.91,7.56
568,oistins,40,BB,1586644010,69,13.07,-59.53,80.6,12.75
569,kashi,98,CN,1586643941,18,39.45,75.98,59.0,4.47
570,ostrovnoy,51,RU,1586643625,93,68.05,39.51,15.75,11.48
571,longyearbyen,20,SJ,1586643981,76,78.22,15.64,-7.6,2.24
572,zhuanghe,0,CN,1586644057,51,39.7,122.99,47.19,12.46
